The Moorings,Start Date,Finish Date,Nights,,Available,,,,
The Moorings,04/01/2019,11/01/2019,7,,x,,,,
The Moorings,11/01/2019,18/01/2019,7,,x,,,,
The Moorings,18/01/2019,25/01/2019,7,,x,,,,
The Moorings,25/01/2019,01/02/2019,7,,x,,,,
The Moorings,01/02/2019,08/02/2019,7,,x,,,,
The Moorings,08/02/2019,15/02/2019,7,,x,,,,
The Moorings,15/02/2019,22/02/2019,7,,x,,,,
The Moorings,22/02/2019,01/03/2019,7,,x,,,,
The Moorings,01/03/2019,08/03/2019,7,,x,,,,
The Moorings,08/03/2019,15/03/2019,7,,x,,,,
The Moorings,15/03/2019,22/03/2019,7,,x,,,,
The Moorings,22/03/2019,29/03/2019,7,,x,,,,
The Moorings,29/03/2019,05/04/2019,7,446,Yes,446,,,
The Moorings,05/04/2019,12/04/2019,7,446,Yes,446,,,
The Moorings,12/04/2019,19/04/2019,7,446,Yes,446,,,
The Moorings,19/04/2019,26/04/2019,7,398,Yes,398,,,
The Moorings,26/04/2019,03/05/2019,7,399,Yes,399,,,
The Moorings,03/05/2019,10/05/2019,7,399,Yes,399,,,
The Moorings,10/05/2019,17/05/2019,7,399,Yes,399,,,
The Moorings,17/05/2019,24/05/2019,7,399,Yes,399,,,
The Moorings,24/05/2019,31/05/2019,7,550,Yes,550,,,
The Moorings,31/05/2019,07/06/2019,7,446,Yes,446,,,
The Moorings,07/06/2019,14/06/2019,7,446,Yes,446,,,
The Moorings,14/06/2019,21/06/2019,7,446,Yes,446,,,
The Moorings,21/06/2019,28/06/2019,7,473,Yes,473,,,
The Moorings,28/06/2019,05/07/2019,7,473,Yes,473,,,
The Moorings,05/07/2019,12/07/2019,7,473,Yes,473,,,
The Moorings,12/07/2019,19/07/2019,7,499,Yes,499,,,
The Moorings,19/07/2019,26/07/2019,7,578,Yes,578,,,
The Moorings,26/07/2019,02/08/2019,7,578,Yes,578,,,
The Moorings,02/08/2019,09/08/2019,7,578,Yes,578,,,
The Moorings,09/08/2019,16/08/2019,7,578,Yes,578,,,
The Moorings,16/08/2019,23/08/2019,7,578,Yes,578,,,
The Moorings,23/08/2019,30/08/2019,7,578,Yes,578,,,
The Moorings,30/08/2019,06/09/2019,7,473,Yes,473,,,
The Moorings,06/09/2019,13/09/2019,7,420,Yes,420,,,
The Moorings,13/09/2019,20/09/2019,7,420,Yes,420,,,
The Moorings,20/09/2019,27/09/2019,7,420,Yes,420,,,
The Moorings,27/09/2019,04/10/2019,7,399,Yes,399,,,
The Moorings,04/10/2019,11/10/2019,7,399,Yes,399,,,
The Moorings,11/10/2019,18/10/2019,7,399,Yes,399,,,
The Moorings,18/10/2019,25/10/2019,7,399,Yes,399,,,
The Moorings,25/10/2019,01/11/2019,7,420,Yes,420,,,
The Moorings,01/11/2019,08/11/2019,7,,x,,,,
The Moorings,08/11/2019,15/11/2019,7,,x,,,,
The Moorings,15/11/2019,22/11/2019,7,,x,,,,
The Moorings,22/11/2019,29/11/2019,7,,x,,,,
The Moorings,29/11/2019,06/12/2019,7,,x,,,,
The Moorings,06/12/2019,13/12/2019,7,,x,,,,
The Moorings,13/12/2019,20/12/2019,7,,x,,,,
The Moorings,22/12/2017,29/12/2017,7,,x,,,,
The Moorings,29/12/2017,05/01/2018,7,,x,,,,
The Moorings,,,,,,,,,
The Moorings,04/01/2019,07/01/2019,3,,x,,,,
The Moorings,11/01/2019,14/01/2019,3,,x,,,,
The Moorings,18/01/2019,21/01/2019,3,,x,,,,
The Moorings,25/01/2019,28/01/2019,3,,x,,,,
The Moorings,01/02/2019,04/02/2019,3,,x,,,,
The Moorings,08/02/2019,11/02/2019,3,,x,,,,
The Moorings,15/02/2019,18/02/2019,3,,x,,,,
The Moorings,22/02/2019,25/02/2019,3,,x,,,,
The Moorings,01/03/2019,04/03/2019,3,,x,,,,
The Moorings,08/03/2019,11/03/2019,3,,x,,,,
The Moorings,15/03/2019,18/03/2019,3,,x,,,,
The Moorings,22/03/2019,25/03/2019,3,,x,,,,
The Moorings,29/03/2019,01/04/2019,3,336,Yes,336,,,
The Moorings,05/04/2019,08/04/2019,3,336,Yes,336,,,
The Moorings,12/04/2019,15/04/2019,3,368,Yes,368,,,
The Moorings,19/04/2019,22/04/2019,3,299,Yes,299,,,
The Moorings,26/04/2019,29/04/2019,3,299,Yes,299,,,
The Moorings,03/05/2019,06/05/2019,3,299,Yes,299,,,
The Moorings,10/05/2019,13/05/2019,3,299,Yes,299,,,
The Moorings,17/05/2019,20/05/2019,3,299,Yes,299,,,
The Moorings,24/05/2019,27/05/2019,3,414,Yes,414,,,
The Moorings,31/05/2019,03/06/2019,3,336,Yes,336,,,
The Moorings,07/06/2019,10/06/2019,3,336,Yes,336,,,
The Moorings,14/06/2019,17/06/2019,3,336,Yes,336,,,
The Moorings,21/06/2019,24/06/2019,3,357,Yes,357,,,
The Moorings,28/06/2019,01/07/2019,3,357,Yes,357,,,
The Moorings,05/07/2019,08/07/2019,3,357,Yes,357,,,
The Moorings,12/07/2019,15/07/2019,3,378,Yes,378,,,
The Moorings,19/07/2019,22/07/2019,3,441,Yes,441,,,
The Moorings,26/07/2019,29/07/2019,3,441,Yes,441,,,
The Moorings,02/08/2019,05/08/2019,3,441,Yes,441,,,
The Moorings,09/08/2019,12/08/2019,3,441,Yes,441,,,
The Moorings,16/08/2019,19/08/2019,3,441,Yes,441,,,
The Moorings,23/08/2019,26/08/2019,3,441,Yes,441,,,
The Moorings,30/08/2019,02/09/2019,3,357,Yes,357,,,
The Moorings,06/09/2019,09/09/2019,3,315,Yes,315,,,
The Moorings,13/09/2019,16/09/2019,3,315,Yes,315,,,
The Moorings,20/09/2019,23/09/2019,3,315,Yes,315,,,
The Moorings,27/09/2019,30/09/2019,3,299,Yes,299,,,
The Moorings,04/10/2019,07/10/2019,3,299,Yes,299,,,
The Moorings,11/10/2019,14/10/2019,3,299,Yes,299,,,
The Moorings,18/10/2019,21/10/2019,3,315,Yes,315,,,
The Moorings,25/10/2019,28/10/2019,3,315,Yes,315,,,
The Moorings,01/11/2019,04/11/2019,3,,x,,,,
The Moorings,08/11/2019,11/11/2019,3,,x,,,,
The Moorings,15/11/2019,18/11/2019,3,,x,,,,
The Moorings,22/11/2019,25/11/2019,3,,x,,,,
The Moorings,29/11/2019,02/12/2019,3,,x,,,,
The Moorings,06/12/2019,09/12/2019,3,,x,,,,
The Moorings,13/12/2019,16/12/2019,3,,x,,,,
The Moorings,20/12/2019,23/12/2019,3,,x,,,,
The Moorings,27/12/2019,30/12/2019,3,,x,,,,
The Moorings,,,,,,,,,
The Moorings,07/01/2019,11/01/2019,4,,x,,,,
The Moorings,14/01/2019,18/01/2019,4,,x,,,,
The Moorings,21/01/2019,25/01/2019,4,,x,,,,
The Moorings,28/01/2019,01/02/2019,4,,x,,,,
The Moorings,04/02/2019,08/02/2019,4,,x,,,,
The Moorings,11/02/2019,15/02/2019,4,,x,,,,
The Moorings,18/02/2019,22/02/2019,4,,x,,,,
The Moorings,25/02/2019,01/03/2019,4,,x,,,,
The Moorings,04/03/2019,08/03/2019,4,,x,,,,
The Moorings,11/03/2019,15/03/2019,4,,x,,,,
The Moorings,18/03/2019,22/03/2019,4,,x,,,,
The Moorings,25/03/2019,29/03/2019,4,,x,,,,
The Moorings,01/04/2019,05/04/2019,4,336,Yes,336,,,
The Moorings,08/04/2019,12/04/2019,4,336,Yes,336,,,
The Moorings,15/04/2019,19/04/2019,4,368,Yes,368,,,
The Moorings,22/04/2019,26/04/2019,4,298,Yes,298,,,
The Moorings,29/04/2019,03/05/2019,4,299,Yes,299,,,
The Moorings,06/05/2019,10/05/2019,4,299,Yes,299,,,
The Moorings,13/05/2019,17/05/2019,4,299,Yes,299,,,
The Moorings,20/05/2019,24/05/2019,4,299,Yes,299,,,
The Moorings,27/05/2019,31/05/2019,4,378,Yes,378,,,
The Moorings,03/06/2019,07/06/2019,4,415,Yes,415,,,
The Moorings,10/06/2019,14/06/2019,4,336,Yes,336,,,
The Moorings,17/06/2019,21/06/2019,4,336,Yes,336,,,
The Moorings,24/06/2019,28/06/2019,4,357,Yes,357,,,
The Moorings,01/07/2019,05/07/2019,4,357,Yes,357,,,
The Moorings,08/07/2019,12/07/2019,4,357,Yes,357,,,
The Moorings,15/07/2019,19/07/2019,4,378,Yes,378,,,
The Moorings,22/07/2019,26/07/2019,4,441,Yes,441,,,
The Moorings,29/07/2019,02/08/2019,4,441,Yes,441,,,
The Moorings,05/08/2019,09/08/2019,4,441,Yes,441,,,
The Moorings,12/08/2019,16/08/2019,4,441,Yes,441,,,
The Moorings,19/08/2019,23/08/2019,4,441,Yes,441,,,
The Moorings,26/08/2019,30/08/2019,4,441,Yes,441,,,
The Moorings,02/09/2019,06/09/2019,4,357,Yes,357,,,
The Moorings,09/09/2019,13/09/2019,4,315,Yes,315,,,
The Moorings,16/09/2019,20/09/2019,4,315,Yes,315,,,
The Moorings,23/09/2019,27/09/2019,4,315,Yes,315,,,
The Moorings,30/09/2019,04/10/2019,4,299,Yes,299,,,
The Moorings,07/10/2019,11/10/2019,4,299,Yes,299,,,
The Moorings,14/10/2019,18/10/2019,4,299,Yes,299,,,
The Moorings,21/10/2019,25/10/2019,4,299,Yes,299,,,
The Moorings,28/10/2019,01/11/2019,4,315,Yes,315,,,
The Moorings,04/11/2019,08/11/2019,4,,x,,,,
The Moorings,11/11/2019,15/11/2019,4,,x,,,,
The Moorings,18/11/2019,22/11/2019,4,,x,,,,
The Moorings,25/11/2019,29/11/2019,4,,x,,,,
The Moorings,02/12/2019,06/12/2019,4,,x,,,,
The Moorings,09/12/2019,13/12/2019,4,,x,,,,
The Moorings,16/12/2019,20/12/2019,4,,x,,,,
The Moorings,23/12/2019,27/12/2019,4,,x,,,,
,,,,,,,,,
